|name|,|dob,date_of_fight|,|outcome|
|Tony Galindo|,|1973-04-08|,|Mar / 20 / 2005|,|loss|
|Tony Galindo|,|1973-04-08|,|Feb / 21 / 2003|,|loss|
|Tony Galindo|,|1973-04-08|,|Sep / 09 / 2001|,|loss|
|Tony Galindo|,|1973-04-08|,|Jun / 23 / 2001|,|win|
|Tony Galindo|,|1973-04-08|,|Feb / 24 / 2001|,|draw|
|Tony Galindo|,|1973-04-08|,|Nov / 29 / 2000|,|win|
|Tony Galindo|,|1973-04-08|,|Jun / 24 / 2000|,|win|
|Kurt Rojo|,|N/A|,|Dec / 09 / 2000|,|loss|
|Kurt Rojo|,|N/A|,|Jun / 24 / 2000|,|loss|
|Brian Hawkins|,|N/A|,|Mar / 18 / 2006|,|loss|
|Brian Hawkins|,|N/A|,|Feb / 21 / 2003|,|loss|
|Brian Hawkins|,|N/A|,|Oct / 26 / 2002|,|win|
|Brian Hawkins|,|N/A|,|Aug / 02 / 2002|,|win|
|Brian Hawkins|,|N/A|,|May / 17 / 2002|,|win|
|Brian Hawkins|,|N/A|,|Mar / 22 / 2002|,|loss|
|Brian Hawkins|,|N/A|,|Nov / 29 / 2000|,|loss|
|Brian Hawkins|,|N/A|,|Oct / 19 / 2000|,|win|
|Brian Hawkins|,|N/A|,|Jul / 20 / 2000|,|win|
|Ken Shamrock|,|1964-02-11|,|Feb / 19 / 2016|,|loss|
|Ken Shamrock|,|1964-02-11|,|Jun / 19 / 2015|,|loss|
|Ken Shamrock|,|1964-02-11|,|Nov / 25 / 2010|,|loss|
|Ken Shamrock|,|1964-02-11|,|Oct / 16 / 2010|,|win|
|Ken Shamrock|,|1964-02-11|,|Jul / 18 / 2010|,|loss|
|Ken Shamrock|,|1964-02-11|,|Feb / 13 / 2009|,|win|
|Ken Shamrock|,|1964-02-11|,|Mar / 08 / 2008|,|loss|
|Ken Shamrock|,|1964-02-11|,|Oct / 10 / 2006|,|loss|
|Ken Shamrock|,|1964-02-11|,|Jul / 08 / 2006|,|loss|
|Ken Shamrock|,|1964-02-11|,|Oct / 23 / 2005|,|loss|
|Ken Shamrock|,|1964-02-11|,|Apr / 09 / 2005|,|loss|
|Ken Shamrock|,|1964-02-11|,|Jun / 19 / 2004|,|win|
|Ken Shamrock|,|1964-02-11|,|Nov / 22 / 2002|,|loss|
|Ken Shamrock|,|1964-02-11|,|Feb / 24 / 2002|,|loss|
|Ken Shamrock|,|1964-02-11|,|Aug / 10 / 2001|,|win|
|Ken Shamrock|,|1964-02-11|,|Aug / 27 / 2000|,|loss|
|Ken Shamrock|,|1964-02-11|,|May / 01 / 2000|,|win|
|Ken Shamrock|,|1964-02-11|,|Dec / 07 / 1996|,|win|
|Ken Shamrock|,|1964-02-11|,|May / 17 / 1996|,|loss|
|Ken Shamrock|,|1964-02-11|,|Feb / 16 / 1996|,|win|
|Ken Shamrock|,|1964-02-11|,|Jan / 28 / 1996|,|win|
|Ken Shamrock|,|1964-02-11|,|Dec / 14 / 1995|,|win|
|Ken Shamrock|,|1964-02-11|,|Sep / 08 / 1995|,|draw|
|Ken Shamrock|,|1964-02-11|,|Jul / 22 / 1995|,|win|
|Ken Shamrock|,|1964-02-11|,|Jul / 14 / 1995|,|win|
|Ken Shamrock|,|1964-02-11|,|May / 13 / 1995|,|loss|
|Ken Shamrock|,|1964-02-11|,|Apr / 07 / 1995|,|draw|
|Ken Shamrock|,|1964-02-11|,|Mar / 10 / 1995|,|win|
|Ken Shamrock|,|1964-02-11|,|Jan / 26 / 1995|,|win|
|Ken Shamrock|,|1964-02-11|,|Dec / 17 / 1994|,|win|
|Ken Shamrock|,|1964-02-11|,|Dec / 17 / 1994|,|win|
|Ken Shamrock|,|1964-02-11|,|Dec / 16 / 1994|,|win|
|Ken Shamrock|,|1964-02-11|,|Dec / 16 / 1994|,|win|
|Ken Shamrock|,|1964-02-11|,|Oct / 15 / 1994|,|win|
|Ken Shamrock|,|1964-02-11|,|Sep / 09 / 1994|,|win|
|Ken Shamrock|,|1964-02-11|,|Sep / 09 / 1994|,|win|
|Ken Shamrock|,|1964-02-11|,|Sep / 01 / 1994|,|loss|
|Ken Shamrock|,|1964-02-11|,|Jul / 26 / 1994|,|win|
|Ken Shamrock|,|1964-02-11|,|Jul / 06 / 1994|,|win|
|Ken Shamrock|,|1964-02-11|,|Apr / 21 / 1994|,|win|
|Ken Shamrock|,|1964-02-11|,|Jan / 19 / 1994|,|loss|
|Ken Shamrock|,|1964-02-11|,|Dec / 08 / 1993|,|win|
|Ken Shamrock|,|1964-02-11|,|Nov / 12 / 1993|,|loss|
|Ken Shamrock|,|1964-02-11|,|Nov / 12 / 1993|,|win|
|Ken Shamrock|,|1964-02-11|,|Nov / 08 / 1993|,|win|
|Ken Shamrock|,|1964-02-11|,|Oct / 14 / 1993|,|win|
|Ken Shamrock|,|1964-02-11|,|Sep / 21 / 1993|,|win|
|Alexander Otsuka|,|1971-07-17|,|Dec / 25 / 2011|,|win|
|Alexander Otsuka|,|1971-07-17|,|May / 27 / 2006|,|win|
|Alexander Otsuka|,|1971-07-17|,|Feb / 01 / 2004|,|loss|
|Alexander Otsuka|,|1971-07-17|,|Mar / 16 / 2003|,|win|
|Alexander Otsuka|,|1971-07-17|,|Dec / 23 / 2002|,|loss|
|Alexander Otsuka|,|1971-07-17|,|Sep / 29 / 2002|,|loss|
|Alexander Otsuka|,|1971-07-17|,|Apr / 28 / 2002|,|loss|
|Alexander Otsuka|,|1971-07-17|,|Dec / 23 / 2001|,|loss|
|Alexander Otsuka|,|1971-07-17|,|Oct / 14 / 2001|,|loss|
|Alexander Otsuka|,|1971-07-17|,|Feb / 24 / 2001|,|loss|
|Alexander Otsuka|,|1971-07-17|,|Dec / 23 / 2000|,|loss|
|Alexander Otsuka|,|1971-07-17|,|Oct / 31 / 2000|,|win|
|Alexander Otsuka|,|1971-07-17|,|May / 01 / 2000|,|loss|
|Alexander Otsuka|,|1971-07-17|,|Jan / 30 / 2000|,|loss|
|Alexander Otsuka|,|1971-07-17|,|Nov / 21 / 1999|,|loss|
|Alexander Otsuka|,|1971-07-17|,|Oct / 11 / 1998|,|win|
|Alexander Otsuka|,|1971-07-17|,|Apr / 22 / 1997|,|loss|
|Alexander Otsuka|,|1971-07-17|,|Oct / 13 / 1995|,|loss|
|Johil de Oliveira|,|1969-08-07|,|Jun / 09 / 2012|,|loss|
|Johil de Oliveira|,|1969-08-07|,|Oct / 01 / 2011|,|win|
|Johil de Oliveira|,|1969-08-07|,|Aug / 25 / 2011|,|win|
|Johil de Oliveira|,|1969-08-07|,|May / 28 / 2011|,|loss|
|Johil de Oliveira|,|1969-08-07|,|Sep / 18 / 2010|,|NC|
|Johil de Oliveira|,|1969-08-07|,|Jul / 16 / 2009|,|loss|
|Johil de Oliveira|,|1969-08-07|,|May / 09 / 2009|,|win|
|Johil de Oliveira|,|1969-08-07|,|Sep / 13 / 2008|,|win|
|Johil de Oliveira|,|1969-08-07|,|Oct / 07 / 2007|,|loss|
|Johil de Oliveira|,|1969-08-07|,|Aug / 04 / 2007|,|win|
|Johil de Oliveira|,|1969-08-07|,|Apr / 14 / 2007|,|loss|
|Johil de Oliveira|,|1969-08-07|,|Apr / 08 / 2006|,|loss|
|Johil de Oliveira|,|1969-08-07|,|May / 12 / 2005|,|loss|
|Johil de Oliveira|,|1969-08-07|,|Sep / 11 / 2004|,|loss|
|Johil de Oliveira|,|1969-08-07|,|Mar / 20 / 2003|,|loss|
|Johil de Oliveira|,|1969-08-07|,|Feb / 22 / 2002|,|loss|
|Johil de Oliveira|,|1969-08-07|,|May / 27 / 2001|,|loss|
|Johil de Oliveira|,|1969-08-07|,|Dec / 23 / 2000|,|loss|
|Johil de Oliveira|,|1969-08-07|,|Apr / 27 / 1999|,|loss|
|Johil de Oliveira|,|1969-08-07|,|Apr / 26 / 1998|,|win|
|Johil de Oliveira|,|1969-08-07|,|Dec / 10 / 1997|,|loss|
|Johil de Oliveira|,|1969-08-07|,|Sep / 15 / 1997|,|win|
|Johil de Oliveira|,|1969-08-07|,|Mar / 16 / 1997|,|win|
|Johil de Oliveira|,|1969-08-07|,|Mar / 16 / 1997|,|win|
|Johil de Oliveira|,|1969-08-07|,|Jan / 30 / 1997|,|win|
|Johil de Oliveira|,|1969-08-07|,|Nov / 01 / 1996|,|win|
|Johil de Oliveira|,|1969-08-07|,|Nov / 01 / 1996|,|win|
|Johil de Oliveira|,|1969-08-07|,|Oct / 18 / 1996|,|draw|
|Johil de Oliveira|,|1969-08-07|,|May / 31 / 1996|,|win|
|Johil de Oliveira|,|1969-08-07|,|May / 31 / 1996|,|win|
|Johil de Oliveira|,|1969-08-07|,|May / 31 / 1996|,|win|
|Johil de Oliveira|,|1969-08-07|,|Apr / 05 / 1996|,|win|
|Johil de Oliveira|,|1969-08-07|,|Sep / 01 / 1995|,|loss|
|Johil de Oliveira|,|1969-08-07|,|Nov / 30 / 00-1|,|win|
|Carlos Newton|,|1976-08-17|,|Jul / 10 / 2010|,|loss|
|Carlos Newton|,|1976-08-17|,|Oct / 10 / 2009|,|win|
|Carlos Newton|,|1976-08-17|,|Mar / 28 / 2009|,|win|
|Carlos Newton|,|1976-08-17|,|Oct / 28 / 2007|,|loss|
|Carlos Newton|,|1976-08-17|,|Feb / 02 / 2007|,|loss|
|Carlos Newton|,|1976-08-17|,|Dec / 29 / 2006|,|loss|
|Carlos Newton|,|1976-08-17|,|Oct / 09 / 2006|,|win|
|Carlos Newton|,|1976-08-17|,|Oct / 14 / 2004|,|loss|
|Carlos Newton|,|1976-08-17|,|May / 23 / 2004|,|loss|
|Carlos Newton|,|1976-08-17|,|Jan / 31 / 2004|,|loss|
|Carlos Newton|,|1976-08-17|,|Oct / 05 / 2003|,|win|
|Carlos Newton|,|1976-08-17|,|Mar / 16 / 2003|,|loss|
|Carlos Newton|,|1976-08-17|,|Nov / 22 / 2002|,|win|
|Carlos Newton|,|1976-08-17|,|Jul / 13 / 2002|,|loss|
|Carlos Newton|,|1976-08-17|,|Feb / 24 / 2002|,|win|
|Carlos Newton|,|1976-08-17|,|Nov / 02 / 2001|,|loss|
|Carlos Newton|,|1976-08-17|,|May / 04 / 2001|,|win|
|Carlos Newton|,|1976-08-17|,|Feb / 08 / 2001|,|loss|
|Carlos Newton|,|1976-08-17|,|Dec / 23 / 2000|,|win|
|Carlos Newton|,|1976-08-17|,|Jun / 04 / 2000|,|win|
|Carlos Newton|,|1976-08-17|,|May / 13 / 2000|,|win|
|Carlos Newton|,|1976-08-17|,|Jul / 04 / 1999|,|win|
|Carlos Newton|,|1976-08-17|,|May / 29 / 1999|,|win|
|Carlos Newton|,|1976-08-17|,|Jun / 24 / 1998|,|loss|
|Carlos Newton|,|1976-08-17|,|May / 15 / 1998|,|loss|
|Carlos Newton|,|1976-08-17|,|May / 15 / 1998|,|win|
|Carlos Newton|,|1976-08-17|,|Mar / 01 / 1998|,|win|
|Carlos Newton|,|1976-08-17|,|Jan / 01 / 1998|,|win|
|Carlos Newton|,|1976-08-17|,|Nov / 29 / 1997|,|win|
|Carlos Newton|,|1976-08-17|,|Apr / 26 / 1996|,|loss|
|Ricco Rodriguez|,|1977-08-19|,|Nov / 19 / 2016|,|loss|
|Ricco Rodriguez|,|1977-08-19|,|Sep / 09 / 2016|,|loss|
|Ricco Rodriguez|,|1977-08-19|,|Jun / 13 / 2015|,|loss|
|Ricco Rodriguez|,|1977-08-19|,|Dec / 20 / 2014|,|loss|
|Ricco Rodriguez|,|1977-08-19|,|Dec / 13 / 2013|,|win|
|Ricco Rodriguez|,|1977-08-19|,|Nov / 09 / 2013|,|NC|
|Ricco Rodriguez|,|1977-08-19|,|Oct / 25 / 2013|,|win|
|Ricco Rodriguez|,|1977-08-19|,|Jul / 27 / 2013|,|loss|
|Ricco Rodriguez|,|1977-08-19|,|Jun / 29 / 2013|,|loss|
|Ricco Rodriguez|,|1977-08-19|,|May / 24 / 2013|,|win|
|Ricco Rodriguez|,|1977-08-19|,|May / 12 / 2013|,|win|
|Ricco Rodriguez|,|1977-08-19|,|Dec / 21 / 2012|,|loss|
|Ricco Rodriguez|,|1977-08-19|,|Oct / 20 / 2012|,|win|
|Ricco Rodriguez|,|1977-08-19|,|May / 04 / 2012|,|loss|
|Ricco Rodriguez|,|1977-08-19|,|Mar / 23 / 2012|,|loss|
|Ricco Rodriguez|,|1977-08-19|,|Feb / 23 / 2012|,|loss|
|Ricco Rodriguez|,|1977-08-19|,|Dec / 24 / 2011|,|loss|
|Ricco Rodriguez|,|1977-08-19|,|Dec / 17 / 2011|,|win|
|Ricco Rodriguez|,|1977-08-19|,|Nov / 27 / 2011|,|loss|
|Ricco Rodriguez|,|1977-08-19|,|Nov / 05 / 2011|,|loss|
|Ricco Rodriguez|,|1977-08-19|,|Aug / 20 / 2011|,|loss|
|Ricco Rodriguez|,|1977-08-19|,|Jul / 15 / 2011|,|win|
|Ricco Rodriguez|,|1977-08-19|,|Feb / 26 / 2011|,|win|
|Ricco Rodriguez|,|1977-08-19|,|Nov / 09 / 2010|,|win|
|Ricco Rodriguez|,|1977-08-19|,|Jul / 31 / 2010|,|win|
|Ricco Rodriguez|,|1977-08-19|,|Jul / 17 / 2010|,|win|
|Ricco Rodriguez|,|1977-08-19|,|May / 22 / 2010|,|win|
|Ricco Rodriguez|,|1977-08-19|,|May / 01 / 2010|,|win|
|Ricco Rodriguez|,|1977-08-19|,|Mar / 20 / 2010|,|win|
|Ricco Rodriguez|,|1977-08-19|,|Feb / 26 / 2010|,|win|
|Ricco Rodriguez|,|1977-08-19|,|Nov / 27 / 2009|,|win|
|Ricco Rodriguez|,|1977-08-19|,|Aug / 29 / 2009|,|win|
|Ricco Rodriguez|,|1977-08-19|,|Jul / 25 / 2009|,|win|
|Ricco Rodriguez|,|1977-08-19|,|Jul / 10 / 2009|,|loss|
|Ricco Rodriguez|,|1977-08-19|,|Jun / 27 / 2009|,|win|
|Ricco Rodriguez|,|1977-08-19|,|Dec / 13 / 2008|,|loss|
|Ricco Rodriguez|,|1977-08-19|,|Nov / 08 / 2008|,|win|
|Ricco Rodriguez|,|1977-08-19|,|Oct / 04 / 2008|,|win|
|Ricco Rodriguez|,|1977-08-19|,|Aug / 08 / 2008|,|win|
|Ricco Rodriguez|,|1977-08-19|,|Jul / 26 / 2008|,|win|
|Ricco Rodriguez|,|1977-08-19|,|Jun / 27 / 2008|,|win|
|Ricco Rodriguez|,|1977-08-19|,|Apr / 11 / 2008|,|loss|
|Ricco Rodriguez|,|1977-08-19|,|Apr / 11 / 2008|,|win|
|Ricco Rodriguez|,|1977-08-19|,|Feb / 16 / 2008|,|loss|
|Ricco Rodriguez|,|1977-08-19|,|Dec / 09 / 2007|,|win|
|Ricco Rodriguez|,|1977-08-19|,|Sep / 20 / 2007|,|loss|
|Ricco Rodriguez|,|1977-08-19|,|Jul / 28 / 2007|,|win|
|Ricco Rodriguez|,|1977-08-19|,|Nov / 17 / 2006|,|win|
|Ricco Rodriguez|,|1977-08-19|,|Nov / 11 / 2006|,|win|
|Ricco Rodriguez|,|1977-08-19|,|Jul / 22 / 2006|,|win|
|Ricco Rodriguez|,|1977-08-19|,|Mar / 25 / 2006|,|win|
|Ricco Rodriguez|,|1977-08-19|,|Jan / 14 / 2006|,|loss|
|Ricco Rodriguez|,|1977-08-19|,|Dec / 09 / 2005|,|win|
|Ricco Rodriguez|,|1977-08-19|,|Dec / 03 / 2005|,|win|
|Ricco Rodriguez|,|1977-08-19|,|Nov / 26 / 2005|,|win|
|Ricco Rodriguez|,|1977-08-19|,|Oct / 14 / 2005|,|win|
|Ricco Rodriguez|,|1977-08-19|,|Aug / 18 / 2005|,|loss|
|Ricco Rodriguez|,|1977-08-19|,|Jul / 15 / 2005|,|win|
|Ricco Rodriguez|,|1977-08-19|,|Jul / 02 / 2005|,|win|
|Ricco Rodriguez|,|1977-08-19|,|May / 07 / 2005|,|win|
|Ricco Rodriguez|,|1977-08-19|,|Dec / 18 / 2004|,|win|
|Ricco Rodriguez|,|1977-08-19|,|Nov / 21 / 2003|,|loss|
|Ricco Rodriguez|,|1977-08-19|,|Aug / 10 / 2003|,|loss|
|Ricco Rodriguez|,|1977-08-19|,|Feb / 28 / 2003|,|loss|
|Ricco Rodriguez|,|1977-08-19|,|Sep / 27 / 2002|,|win|
|Ricco Rodriguez|,|1977-08-19|,|May / 10 / 2002|,|win|
|Ricco Rodriguez|,|1977-08-19|,|Jan / 11 / 2002|,|win|
|Ricco Rodriguez|,|1977-08-19|,|Nov / 02 / 2001|,|win|
|Ricco Rodriguez|,|1977-08-19|,|Jun / 29 / 2001|,|win|
|Ricco Rodriguez|,|1977-08-19|,|Feb / 24 / 2001|,|win|
|Ricco Rodriguez|,|1977-08-19|,|Dec / 23 / 2000|,|win|
|Ricco Rodriguez|,|1977-08-19|,|Aug / 27 / 2000|,|win|
|Ricco Rodriguez|,|1977-08-19|,|Jun / 04 / 2000|,|win|
|Ricco Rodriguez|,|1977-08-19|,|Feb / 05 / 2000|,|win|
|Ricco Rodriguez|,|1977-08-19|,|Nov / 23 / 1999|,|win|
|Ricco Rodriguez|,|1977-08-19|,|Sep / 07 / 1999|,|loss|
|Ricco Rodriguez|,|1977-08-19|,|Jul / 10 / 1999|,|win|
|Ricco Rodriguez|,|1977-08-19|,|Mar / 25 / 1999|,|win|
|Ricco Rodriguez|,|1977-08-19|,|Mar / 25 / 1999|,|win|
|John Marsh|,|1970-09-15|,|Nov / 30 / 2007|,|loss|
|John Marsh|,|1970-09-15|,|Feb / 02 / 2007|,|loss|
|John Marsh|,|1970-09-15|,|Mar / 18 / 2006|,|win|
|John Marsh|,|1970-09-15|,|Apr / 16 / 2005|,|loss|
|John Marsh|,|1970-09-15|,|May / 07 / 2004|,|win|
|John Marsh|,|1970-09-15|,|Dec / 23 / 2000|,|loss|
|John Marsh|,|1970-09-15|,|Mar / 25 / 2000|,|loss|
|John Marsh|,|1970-09-15|,|Nov / 20 / 1999|,|loss|
|John Marsh|,|1970-09-15|,|Sep / 07 / 1999|,|loss|
|John Marsh|,|1970-09-15|,|Sep / 07 / 1999|,|win|
|John Marsh|,|1970-09-15|,|Sep / 04 / 1998|,|win|
|John Marsh|,|1970-09-15|,|Sep / 04 / 1998|,|win|
|John Marsh|,|1970-09-15|,|Aug / 02 / 1998|,|win|
|John Marsh|,|1970-09-15|,|Apr / 11 / 1998|,|win|
|John Marsh|,|1970-09-15|,|Apr / 11 / 1998|,|win|
|Akira Shoji|,|1974-01-31|,|Apr / 22 / 2011|,|loss|
|Akira Shoji|,|1974-01-31|,|Apr / 08 / 2007|,|loss|
|Akira Shoji|,|1974-01-31|,|Nov / 19 / 2006|,|win|
|Akira Shoji|,|1974-01-31|,|Oct / 28 / 2006|,|loss|
|Akira Shoji|,|1974-01-31|,|Aug / 04 / 2006|,|win|
|Akira Shoji|,|1974-01-31|,|Feb / 05 / 2006|,|loss|
|Akira Shoji|,|1974-01-31|,|Dec / 03 / 2005|,|loss|
|Akira Shoji|,|1974-01-31|,|Apr / 03 / 2005|,|loss|
|Akira Shoji|,|1974-01-31|,|Jul / 19 / 2004|,|loss|
|Akira Shoji|,|1974-01-31|,|May / 23 / 2004|,|win|
|Akira Shoji|,|1974-01-31|,|Dec / 31 / 2003|,|loss|
|Akira Shoji|,|1974-01-31|,|Oct / 05 / 2003|,|loss|
|Akira Shoji|,|1974-01-31|,|Jul / 19 / 2003|,|win|
|Akira Shoji|,|1974-01-31|,|Mar / 16 / 2003|,|win|
|Akira Shoji|,|1974-01-31|,|Sep / 29 / 2002|,|loss|
|Akira Shoji|,|1974-01-31|,|May / 17 / 2002|,|win|
|Akira Shoji|,|1974-01-31|,|Dec / 23 / 2001|,|loss|
|Akira Shoji|,|1974-01-31|,|Sep / 24 / 2001|,|loss|
|Akira Shoji|,|1974-01-31|,|May / 27 / 2001|,|loss|
|Akira Shoji|,|1974-01-31|,|Dec / 23 / 2000|,|loss|
|Akira Shoji|,|1974-01-31|,|Oct / 31 / 2000|,|win|
|Akira Shoji|,|1974-01-31|,|Jun / 04 / 2000|,|win|
|Akira Shoji|,|1974-01-31|,|May / 01 / 2000|,|loss|
|Akira Shoji|,|1974-01-31|,|Jan / 30 / 2000|,|win|
|Akira Shoji|,|1974-01-31|,|Sep / 18 / 1999|,|draw|
|Akira Shoji|,|1974-01-31|,|Sep / 12 / 1999|,|win|
|Akira Shoji|,|1974-01-31|,|Jul / 04 / 1999|,|win|
|Akira Shoji|,|1974-01-31|,|Apr / 29 / 1999|,|loss|
|Akira Shoji|,|1974-01-31|,|Oct / 11 / 1998|,|win|
|Akira Shoji|,|1974-01-31|,|Aug / 29 / 1998|,|draw|
|Akira Shoji|,|1974-01-31|,|Jun / 24 / 1998|,|draw|
|Akira Shoji|,|1974-01-31|,|Mar / 15 / 1998|,|win|
|Akira Shoji|,|1974-01-31|,|Oct / 11 / 1997|,|draw|
|Akira Shoji|,|1974-01-31|,|Jul / 27 / 1997|,|loss|
|Akira Shoji|,|1974-01-31|,|May / 28 / 1997|,|win|
|Akira Shoji|,|1974-01-31|,|Nov / 30 / 1996|,|draw|
|Ricardo Almeida|,|1976-11-29|,|Mar / 19 / 2011|,|loss|
|Ricardo Almeida|,|1976-11-29|,|Dec / 11 / 2010|,|win|
|Ricardo Almeida|,|1976-11-29|,|Aug / 07 / 2010|,|loss|
|Ricardo Almeida|,|1976-11-29|,|Mar / 27 / 2010|,|win|
|Ricardo Almeida|,|1976-11-29|,|Aug / 08 / 2009|,|win|
|Ricardo Almeida|,|1976-11-29|,|Apr / 01 / 2009|,|win|
|Ricardo Almeida|,|1976-11-29|,|Jul / 05 / 2008|,|loss|
|Ricardo Almeida|,|1976-11-29|,|Feb / 02 / 2008|,|win|
|Ricardo Almeida|,|1976-11-29|,|May / 23 / 2004|,|win|
|Ricardo Almeida|,|1976-11-29|,|Nov / 30 / 2003|,|win|
|Ricardo Almeida|,|1976-11-29|,|Aug / 31 / 2003|,|win|
|Ricardo Almeida|,|1976-11-29|,|Apr / 12 / 2003|,|win|
|Ricardo Almeida|,|1976-11-29|,|Feb / 16 / 2003|,|win|
|Ricardo Almeida|,|1976-11-29|,|Nov / 30 / 2002|,|win|
|Ricardo Almeida|,|1976-11-29|,|Jan / 11 / 2002|,|loss|
|Ricardo Almeida|,|1976-11-29|,|Sep / 28 / 2001|,|win|
|Ricardo Almeida|,|1976-11-29|,|May / 04 / 2001|,|loss|
|Ricardo Almeida|,|1976-11-29|,|Dec / 23 / 2000|,|win|
|Enson Inoue|,|1967-04-15|,|Apr / 25 / 2010|,|win|
|Enson Inoue|,|1967-04-15|,|Apr / 16 / 2004|,|loss|
|Enson Inoue|,|1967-04-15|,|Jan / 10 / 2004|,|win|
|Enson Inoue|,|1967-04-15|,|Feb / 24 / 2002|,|loss|
|Enson Inoue|,|1967-04-15|,|Dec / 23 / 2000|,|loss|
|Enson Inoue|,|1967-04-15|,|Aug / 27 / 2000|,|loss|
|Enson Inoue|,|1967-04-15|,|Jan / 30 / 2000|,|loss|
|Enson Inoue|,|1967-04-15|,|Apr / 29 / 1999|,|win|
|Enson Inoue|,|1967-04-15|,|Oct / 25 / 1998|,|win|
|Enson Inoue|,|1967-04-15|,|Nov / 29 / 1997|,|loss|
|Enson Inoue|,|1967-04-15|,|Oct / 12 / 1997|,|win|
|Enson Inoue|,|1967-04-15|,|May / 30 / 1997|,|win|
|Enson Inoue|,|1967-04-15|,|Apr / 06 / 1997|,|win|
|Enson Inoue|,|1967-04-15|,|Oct / 04 / 1996|,|win|
|Enson Inoue|,|1967-04-15|,|Jul / 07 / 1996|,|loss|
|Enson Inoue|,|1967-04-15|,|May / 07 / 1996|,|loss|
|Enson Inoue|,|1967-04-15|,|Jan / 20 / 1996|,|win|
|Enson Inoue|,|1967-04-15|,|Jul / 29 / 1995|,|win|
|Enson Inoue|,|1967-04-15|,|Apr / 20 / 1995|,|win|
|Enson Inoue|,|1967-04-15|,|Jan / 21 / 1995|,|win|
|Heath Herring|,|1978-03-02|,|Dec / 29 / 2016|,|loss|
|Heath Herring|,|1978-03-02|,|Aug / 09 / 2008|,|loss|
|Heath Herring|,|1978-03-02|,|Mar / 01 / 2008|,|win|
|Heath Herring|,|1978-03-02|,|Jul / 07 / 2007|,|loss|
|Heath Herring|,|1978-03-02|,|Apr / 07 / 2007|,|win|
|Heath Herring|,|1978-03-02|,|Jan / 25 / 2007|,|loss|
|Heath Herring|,|1978-03-02|,|Mar / 15 / 2006|,|win|
|Heath Herring|,|1978-03-02|,|Dec / 31 / 2005|,|NC|
|Heath Herring|,|1978-03-02|,|Mar / 26 / 2005|,|loss|
|Heath Herring|,|1978-03-02|,|Oct / 31 / 2004|,|win|
|Heath Herring|,|1978-03-02|,|Jun / 20 / 2004|,|loss|
|Heath Herring|,|1978-03-02|,|Apr / 25 / 2004|,|win|
|Heath Herring|,|1978-03-02|,|Feb / 01 / 2004|,|win|
|Heath Herring|,|1978-03-02|,|Dec / 31 / 2003|,|win|
|Heath Herring|,|1978-03-02|,|Nov / 09 / 2003|,|win|
|Heath Herring|,|1978-03-02|,|Jun / 08 / 2003|,|loss|
|Heath Herring|,|1978-03-02|,|Nov / 24 / 2002|,|loss|
|Heath Herring|,|1978-03-02|,|Sep / 29 / 2002|,|win|
|Heath Herring|,|1978-03-02|,|Feb / 24 / 2002|,|win|
|Heath Herring|,|1978-03-02|,|Nov / 03 / 2001|,|loss|
|Heath Herring|,|1978-03-02|,|Jul / 29 / 2001|,|win|
|Heath Herring|,|1978-03-02|,|May / 27 / 2001|,|loss|
|Heath Herring|,|1978-03-02|,|Mar / 25 / 2001|,|win|
|Heath Herring|,|1978-03-02|,|Dec / 23 / 2000|,|win|
|Heath Herring|,|1978-03-02|,|Oct / 31 / 2000|,|win|
|Heath Herring|,|1978-03-02|,|Jun / 04 / 2000|,|win|
|Heath Herring|,|1978-03-02|,|Apr / 29 / 2000|,|loss|
|Heath Herring|,|1978-03-02|,|Mar / 05 / 2000|,|win|
|Heath Herring|,|1978-03-02|,|Sep / 27 / 1999|,|win|
|Heath Herring|,|1978-03-02|,|Sep / 27 / 1999|,|win|
|Heath Herring|,|1978-03-02|,|Sep / 27 / 1999|,|win|
|Heath Herring|,|1978-03-02|,|Sep / 07 / 1999|,|loss|
|Heath Herring|,|1978-03-02|,|Sep / 07 / 1999|,|win|
|Heath Herring|,|1978-03-02|,|Jul / 01 / 1999|,|loss|
|Heath Herring|,|1978-03-02|,|Jul / 01 / 1999|,|win|
|Heath Herring|,|1978-03-02|,|Jul / 01 / 1999|,|win|
|Heath Herring|,|1978-03-02|,|Jun / 01 / 1999|,|win|
|Heath Herring|,|1978-03-02|,|Jun / 01 / 1999|,|win|
|Heath Herring|,|1978-03-02|,|May / 15 / 1999|,|loss|
|Heath Herring|,|1978-03-02|,|Apr / 17 / 1999|,|win|
|Heath Herring|,|1978-03-02|,|Apr / 17 / 1999|,|win|
|Heath Herring|,|1978-03-02|,|Nov / 22 / 1997|,|win|
|Heath Herring|,|1978-03-02|,|Oct / 18 / 1997|,|loss|
|Heath Herring|,|1978-03-02|,|Apr / 12 / 1997|,|win|
|Guy Mezger|,|1968-01-01|,|Dec / 06 / 2003|,|win|
|Guy Mezger|,|1968-01-01|,|Dec / 23 / 2002|,|loss|
|Guy Mezger|,|1968-01-01|,|Sep / 29 / 2002|,|win|
|Guy Mezger|,|1968-01-01|,|Sep / 24 / 2001|,|loss|
|Guy Mezger|,|1968-01-01|,|May / 27 / 2001|,|loss|
|Guy Mezger|,|1968-01-01|,|Mar / 25 / 2001|,|win|
|Guy Mezger|,|1968-01-01|,|Feb / 24 / 2001|,|win|
|Guy Mezger|,|1968-01-01|,|Dec / 23 / 2000|,|win|
|Guy Mezger|,|1968-01-01|,|Nov / 18 / 2000|,|win|
|Guy Mezger|,|1968-01-01|,|Aug / 27 / 2000|,|loss|
|Guy Mezger|,|1968-01-01|,|May / 01 / 2000|,|win|
|Guy Mezger|,|1968-01-01|,|Mar / 03 / 2000|,|win|
|Guy Mezger|,|1968-01-01|,|Jan / 30 / 2000|,|loss|
|Guy Mezger|,|1968-01-01|,|Jul / 04 / 1999|,|loss|
|Guy Mezger|,|1968-01-01|,|Mar / 05 / 1999|,|loss|
|Guy Mezger|,|1968-01-01|,|Dec / 19 / 1998|,|win|
|Guy Mezger|,|1968-01-01|,|Sep / 14 / 1998|,|win|
|Guy Mezger|,|1968-01-01|,|Jun / 21 / 1998|,|loss|
|Guy Mezger|,|1968-01-01|,|Apr / 26 / 1998|,|win|
|Guy Mezger|,|1968-01-01|,|Mar / 18 / 1998|,|win|
|Guy Mezger|,|1968-01-01|,|Jan / 16 / 1998|,|win|
|Guy Mezger|,|1968-01-01|,|Dec / 20 / 1997|,|win|
|Guy Mezger|,|1968-01-01|,|Oct / 29 / 1997|,|win|
|Guy Mezger|,|1968-01-01|,|Oct / 26 / 1997|,|win|
|Guy Mezger|,|1968-01-01|,|Sep / 06 / 1997|,|loss|
|Guy Mezger|,|1968-01-01|,|Jun / 30 / 1997|,|win|
|Guy Mezger|,|1968-01-01|,|May / 30 / 1997|,|win|
|Guy Mezger|,|1968-01-01|,|May / 30 / 1997|,|win|
|Guy Mezger|,|1968-01-01|,|Feb / 22 / 1997|,|loss|
|Guy Mezger|,|1968-01-01|,|Jan / 17 / 1997|,|win|
|Guy Mezger|,|1968-01-01|,|Dec / 15 / 1996|,|win|
|Guy Mezger|,|1968-01-01|,|Oct / 08 / 1996|,|loss|
|Guy Mezger|,|1968-01-01|,|Sep / 07 / 1996|,|win|
|Guy Mezger|,|1968-01-01|,|Jun / 25 / 1996|,|draw|
|Guy Mezger|,|1968-01-01|,|May / 16 / 1996|,|win|
|Guy Mezger|,|1968-01-01|,|Apr / 07 / 1996|,|win|
|Guy Mezger|,|1968-01-01|,|Apr / 07 / 1996|,|win|
|Guy Mezger|,|1968-01-01|,|Apr / 07 / 1996|,|win|
|Guy Mezger|,|1968-01-01|,|Mar / 02 / 1996|,|loss|
|Guy Mezger|,|1968-01-01|,|Jan / 28 / 1996|,|win|
|Guy Mezger|,|1968-01-01|,|Dec / 14 / 1995|,|loss|
|Guy Mezger|,|1968-01-01|,|Nov / 04 / 1995|,|draw|
|Guy Mezger|,|1968-01-01|,|Sep / 01 / 1995|,|loss|
|Guy Mezger|,|1968-01-01|,|Jul / 23 / 1995|,|win|
|Guy Mezger|,|1968-01-01|,|Apr / 07 / 1995|,|win|
|Guy Mezger|,|1968-01-01|,|Dec / 16 / 1994|,|win|
|Gerard Gordeau|,|1955-03-30|,|Apr / 20 / 1995|,|loss|
|Gerard Gordeau|,|1955-03-30|,|Nov / 12 / 1993|,|loss|
|Gerard Gordeau|,|1955-03-30|,|Nov / 12 / 1993|,|win|
|Gerard Gordeau|,|1955-03-30|,|Nov / 12 / 1993|,|win|
|Teila Tuli|,|1969-06-14|,|Nov / 12 / 1993|,|loss|
|Kevin Rosier|,|1962-01-06|,|Jan / 22 / 2000|,|loss|
|Kevin Rosier|,|1962-01-06|,|Apr / 02 / 1999|,|win|
|Kevin Rosier|,|1962-01-06|,|Dec / 08 / 1998|,|loss|
|Kevin Rosier|,|1962-01-06|,|Feb / 27 / 1998|,|loss|
|Kevin Rosier|,|1962-01-06|,|Aug / 23 / 1996|,|loss|
|Kevin Rosier|,|1962-01-06|,|Dec / 16 / 1994|,|loss|
|Kevin Rosier|,|1962-01-06|,|Nov / 12 / 1993|,|loss|
|Kevin Rosier|,|1962-01-06|,|Nov / 12 / 1993|,|win|
|Zane Frazier|,|1966-07-16|,|Jan / 26 / 2008|,|loss|
|Zane Frazier|,|1966-07-16|,|Nov / 05 / 2005|,|win|
|Zane Frazier|,|1966-07-16|,|Sep / 24 / 2005|,|win|
|Zane Frazier|,|1966-07-16|,|Jun / 07 / 2002|,|loss|
|Zane Frazier|,|1966-07-16|,|Nov / 11 / 2001|,|loss|
|Zane Frazier|,|1966-07-16|,|Aug / 04 / 2001|,|win|
|Zane Frazier|,|1966-07-16|,|Mar / 17 / 2001|,|loss|
|Zane Frazier|,|1966-07-16|,|Apr / 02 / 1999|,|loss|
|Zane Frazier|,|1966-07-16|,|Feb / 07 / 1999|,|loss|
|Zane Frazier|,|1966-07-16|,|Nov / 12 / 1997|,|loss|
|Zane Frazier|,|1966-07-16|,|Mar / 28 / 1997|,|loss|
|Zane Frazier|,|1966-07-16|,|Jan / 19 / 1997|,|loss|
|Zane Frazier|,|1966-07-16|,|May / 17 / 1996|,|loss|
|Zane Frazier|,|1966-07-16|,|Sep / 26 / 1995|,|win|
|Zane Frazier|,|1966-07-16|,|Nov / 12 / 1993|,|loss|
|Royce Gracie|,|1966-12-12|,|Feb / 19 / 2016|,|win|
|Royce Gracie|,|1966-12-12|,|Jun / 02 / 2007|,|win|
|Royce Gracie|,|1966-12-12|,|May / 27 / 2006|,|loss|
|Royce Gracie|,|1966-12-12|,|Dec / 31 / 2005|,|draw|
|Royce Gracie|,|1966-12-12|,|Dec / 31 / 2004|,|win|
|Royce Gracie|,|1966-12-12|,|Dec / 31 / 2003|,|draw|
|Royce Gracie|,|1966-12-12|,|May / 01 / 2000|,|loss|
|Royce Gracie|,|1966-12-12|,|Jan / 30 / 2000|,|win|
|Royce Gracie|,|1966-12-12|,|Apr / 07 / 1995|,|draw|
|Royce Gracie|,|1966-12-12|,|Dec / 16 / 1994|,|win|
|Royce Gracie|,|1966-12-12|,|Dec / 16 / 1994|,|win|
|Royce Gracie|,|1966-12-12|,|Dec / 16 / 1994|,|win|
|Royce Gracie|,|1966-12-12|,|Sep / 09 / 1994|,|win|
|Royce Gracie|,|1966-12-12|,|Mar / 11 / 1994|,|win|
|Royce Gracie|,|1966-12-12|,|Mar / 11 / 1994|,|win|
|Royce Gracie|,|1966-12-12|,|Mar / 11 / 1994|,|win|
|Royce Gracie|,|1966-12-12|,|Mar / 11 / 1994|,|win|
|Royce Gracie|,|1966-12-12|,|Nov / 12 / 1993|,|win|
|Royce Gracie|,|1966-12-12|,|Nov / 12 / 1993|,|win|
|Royce Gracie|,|1966-12-12|,|Nov / 12 / 1993|,|win|
|Art Jimmerson|,|1963-08-04|,|Nov / 12 / 1993|,|loss|
|Patrick Smith|,|1963-07-16|,|Jul / 23 / 2016|,|loss|
|Patrick Smith|,|1963-07-16|,|Oct / 10 / 2015|,|loss|
|Patrick Smith|,|1963-07-16|,|Jul / 31 / 2009|,|loss|
|Patrick Smith|,|1963-07-16|,|Mar / 13 / 2009|,|win|
|Patrick Smith|,|1963-07-16|,|Mar / 07 / 2009|,|win|
|Patrick Smith|,|1963-07-16|,|Oct / 11 / 2008|,|loss|
|Patrick Smith|,|1963-07-16|,|Aug / 16 / 2008|,|win|
|Patrick Smith|,|1963-07-16|,|Apr / 11 / 2008|,|win|
|Patrick Smith|,|1963-07-16|,|Feb / 01 / 2008|,|win|
|Patrick Smith|,|1963-07-16|,|Oct / 27 / 2007|,|win|
|Patrick Smith|,|1963-07-16|,|May / 18 / 2007|,|win|
|Patrick Smith|,|1963-07-16|,|May / 12 / 2007|,|loss|
|Patrick Smith|,|1963-07-16|,|Dec / 15 / 2006|,|win|
|Patrick Smith|,|1963-07-16|,|Oct / 21 / 2006|,|win|
|Patrick Smith|,|1963-07-16|,|Sep / 23 / 2006|,|win|
|Patrick Smith|,|1963-07-16|,|Oct / 18 / 2003|,|win|
|Patrick Smith|,|1963-07-16|,|Jun / 12 / 1999|,|loss|
|Patrick Smith|,|1963-07-16|,|Jun / 01 / 1999|,|win|
|Patrick Smith|,|1963-07-16|,|May / 01 / 1999|,|loss|
|Patrick Smith|,|1963-07-16|,|Apr / 24 / 1999|,|loss|
|Patrick Smith|,|1963-07-16|,|Feb / 06 / 1999|,|loss|
|Patrick Smith|,|1963-07-16|,|Feb / 06 / 1999|,|win|
|Patrick Smith|,|1963-07-16|,|Nov / 21 / 1998|,|win|
|Patrick Smith|,|1963-07-16|,|Oct / 24 / 1998|,|win|
|Patrick Smith|,|1963-07-16|,|Feb / 03 / 1998|,|win|
|Patrick Smith|,|1963-07-16|,|Mar / 16 / 1997|,|loss|
|Patrick Smith|,|1963-07-16|,|Jan / 19 / 1997|,|loss|
|Patrick Smith|,|1963-07-16|,|Nov / 17 / 1996|,|loss|
|Patrick Smith|,|1963-07-16|,|Dec / 09 / 1995|,|loss|
|Patrick Smith|,|1963-07-16|,|Sep / 08 / 1995|,|loss|
|Patrick Smith|,|1963-07-16|,|Jul / 14 / 1995|,|win|
|Patrick Smith|,|1963-07-16|,|Dec / 10 / 1994|,|loss|
|Patrick Smith|,|1963-07-16|,|Mar / 11 / 1994|,|loss|
|Patrick Smith|,|1963-07-16|,|Mar / 11 / 1994|,|win|
|Patrick Smith|,|1963-07-16|,|Mar / 11 / 1994|,|win|
|Patrick Smith|,|1963-07-16|,|Mar / 11 / 1994|,|win|
|Patrick Smith|,|1963-07-16|,|Nov / 12 / 1993|,|loss|
|Jason DeLucia|,|1969-07-24|,|Nov / 27 / 2006|,|loss|
|Jason DeLucia|,|1969-07-24|,|Feb / 04 / 2006|,|loss|
|Jason DeLucia|,|1969-07-24|,|Aug / 23 / 2003|,|win|
|Jason DeLucia|,|1969-07-24|,|Sep / 30 / 2001|,|loss|
|Jason DeLucia|,|1969-07-24|,|Jul / 29 / 2001|,|loss|
|Jason DeLucia|,|1969-07-24|,|Jun / 26 / 2001|,|loss|
|Jason DeLucia|,|1969-07-24|,|Dec / 04 / 2000|,|draw|
|Jason DeLucia|,|1969-07-24|,|Oct / 31 / 2000|,|win|
|Jason DeLucia|,|1969-07-24|,|Jun / 26 / 2000|,|loss|
|Jason DeLucia|,|1969-07-24|,|Apr / 30 / 2000|,|loss|
|Jason DeLucia|,|1969-07-24|,|Nov / 19 / 1999|,|loss|
|Jason DeLucia|,|1969-07-24|,|Aug / 01 / 1999|,|win|
|Jason DeLucia|,|1969-07-24|,|Jul / 06 / 1999|,|win|
|Jason DeLucia|,|1969-07-24|,|Jun / 11 / 1999|,|win|
|Jason DeLucia|,|1969-07-24|,|May / 23 / 1999|,|win|
|Jason DeLucia|,|1969-07-24|,|Jan / 19 / 1999|,|win|
|Jason DeLucia|,|1969-07-24|,|Dec / 19 / 1998|,|win|
|Jason DeLucia|,|1969-07-24|,|Oct / 26 / 1998|,|loss|
|Jason DeLucia|,|1969-07-24|,|Sep / 14 / 1998|,|win|
|Jason DeLucia|,|1969-07-24|,|Jun / 02 / 1998|,|win|
|Jason DeLucia|,|1969-07-24|,|Apr / 26 / 1998|,|loss|
|Jason DeLucia|,|1969-07-24|,|Mar / 01 / 1998|,|win|
|Jason DeLucia|,|1969-07-24|,|Jan / 16 / 1998|,|win|
|Jason DeLucia|,|1969-07-24|,|Dec / 20 / 1997|,|win|
|Jason DeLucia|,|1969-07-24|,|Sep / 06 / 1997|,|loss|
|Jason DeLucia|,|1969-07-24|,|Jun / 18 / 1997|,|win|
|Jason DeLucia|,|1969-07-24|,|May / 24 / 1997|,|win|
|Jason DeLucia|,|1969-07-24|,|Apr / 27 / 1997|,|win|
|Jason DeLucia|,|1969-07-24|,|Dec / 15 / 1996|,|loss|
|Jason DeLucia|,|1969-07-24|,|Nov / 09 / 1996|,|win|
|Jason DeLucia|,|1969-07-24|,|Oct / 08 / 1996|,|win|
|Jason DeLucia|,|1969-07-24|,|Sep / 07 / 1996|,|win|
|Jason DeLucia|,|1969-07-24|,|Jun / 25 / 1996|,|loss|
|Jason DeLucia|,|1969-07-24|,|May / 16 / 1996|,|win|
|Jason DeLucia|,|1969-07-24|,|Apr / 07 / 1996|,|win|
|Jason DeLucia|,|1969-07-24|,|Mar / 02 / 1996|,|win|
|Jason DeLucia|,|1969-07-24|,|Jan / 28 / 1996|,|win|
|Jason DeLucia|,|1969-07-24|,|Dec / 14 / 1995|,|win|
|Jason DeLucia|,|1969-07-24|,|Nov / 04 / 1995|,|win|
|Jason DeLucia|,|1969-07-24|,|Sep / 01 / 1995|,|win|
|Jason DeLucia|,|1969-07-24|,|Jul / 22 / 1995|,|loss|
|Jason DeLucia|,|1969-07-24|,|Jun / 13 / 1995|,|loss|
|Jason DeLucia|,|1969-07-24|,|May / 13 / 1995|,|loss|
|Jason DeLucia|,|1969-07-24|,|Apr / 08 / 1995|,|win|
|Jason DeLucia|,|1969-07-24|,|Mar / 10 / 1995|,|win|
|Jason DeLucia|,|1969-07-24|,|Jan / 26 / 1995|,|loss|
|Jason DeLucia|,|1969-07-24|,|Dec / 16 / 1994|,|loss|
|Jason DeLucia|,|1969-07-24|,|Dec / 16 / 1994|,|win|
|Jason DeLucia|,|1969-07-24|,|Oct / 15 / 1994|,|loss|
|Jason DeLucia|,|1969-07-24|,|Sep / 01 / 1994|,|win|
|Jason DeLucia|,|1969-07-24|,|Jul / 26 / 1994|,|loss|
|Jason DeLucia|,|1969-07-24|,|Jul / 06 / 1994|,|win|
|Jason DeLucia|,|1969-07-24|,|Mar / 11 / 1994|,|loss|
|Jason DeLucia|,|1969-07-24|,|Mar / 11 / 1994|,|win|
|Jason DeLucia|,|1969-07-24|,|Nov / 12 / 1993|,|win|
|Trent Jenkins|,|N/A|,|Jul / 15 / 2000|,|loss|
|Trent Jenkins|,|N/A|,|Feb / 06 / 1999|,|loss|
|Trent Jenkins|,|N/A|,|Dec / 16 / 1995|,|loss|
|Trent Jenkins|,|N/A|,|Nov / 12 / 1993|,|loss|
|Scott Morris|,|N/A|,|Jun / 12 / 1998|,|win|
|Scott Morris|,|N/A|,|Mar / 11 / 1994|,|loss|
|Scott Morris|,|N/A|,|Mar / 11 / 1994|,|win|
|Sean Daugherty|,|1975-12-04|,|Apr / 30 / 2000|,|loss|
|Sean Daugherty|,|1975-12-04|,|Mar / 11 / 1994|,|loss|
|Ray Wizard|,|N/A|,|Mar / 11 / 1994|,|loss|
|Johnny Rhodes|,|N/A|,|Mar / 11 / 1994|,|loss|
|Johnny Rhodes|,|N/A|,|Mar / 11 / 1994|,|win|
|Johnny Rhodes|,|N/A|,|Mar / 11 / 1994|,|win|
|David Levicki|,|N/A|,|Feb / 19 / 1995|,|loss|
|David Levicki|,|N/A|,|Jul / 29 / 1994|,|loss|
|David Levicki|,|N/A|,|Jul / 29 / 1994|,|win|
|David Levicki|,|N/A|,|Mar / 11 / 1994|,|loss|
|Frank Hamaker|,|N/A|,|Mar / 11 / 1994|,|win|
|Thaddeus Luster|,|N/A|,|Mar / 11 / 1994|,|loss|
|Orlando Wiet|,|1965-10-24|,|May / 19 / 2011|,|loss|
|Orlando Wiet|,|1965-10-24|,|Dec / 14 / 2008|,|loss|
|Orlando Wiet|,|1965-10-24|,|Nov / 12 / 2005|,|loss|
|Orlando Wiet|,|1965-10-24|,|Sep / 08 / 1995|,|loss|
|Orlando Wiet|,|1965-10-24|,|Mar / 11 / 1994|,|loss|
|Orlando Wiet|,|1965-10-24|,|Mar / 11 / 1994|,|win|
|Robert Lucarelli|,|N/A|,|Mar / 11 / 1994|,|loss|
|Remco Pardoel|,|N/A|,|Jul / 13 / 2003|,|loss|
|Remco Pardoel|,|N/A|,|Apr / 20 / 2002|,|NC|
|Remco Pardoel|,|N/A|,|Feb / 23 / 2002|,|loss|
|Remco Pardoel|,|N/A|,|Nov / 11 / 2001|,|win|
|Remco Pardoel|,|N/A|,|Jun / 10 / 2001|,|draw|
|Remco Pardoel|,|N/A|,|Jan / 28 / 2001|,|win|
|Remco Pardoel|,|N/A|,|Apr / 29 / 2000|,|loss|
|Remco Pardoel|,|N/A|,|Nov / 27 / 1999|,|win|
|Remco Pardoel|,|N/A|,|Jul / 01 / 1999|,|win|
|Remco Pardoel|,|N/A|,|Oct / 25 / 1998|,|win|
|Remco Pardoel|,|N/A|,|Sep / 08 / 1995|,|loss|
|Remco Pardoel|,|N/A|,|Sep / 08 / 1995|,|win|
|Remco Pardoel|,|N/A|,|Jul / 29 / 1995|,|NC|
|Remco Pardoel|,|N/A|,|Jul / 26 / 1994|,|loss|
|Remco Pardoel|,|N/A|,|Jul / 06 / 1994|,|win|
|Remco Pardoel|,|N/A|,|Mar / 11 / 1994|,|loss|
|Remco Pardoel|,|N/A|,|Mar / 11 / 1994|,|win|
|Remco Pardoel|,|N/A|,|Mar / 11 / 1994|,|win|
|Scott Baker|,|N/A|,|Oct / 04 / 1997|,|win|
|Scott Baker|,|N/A|,|Mar / 11 / 1994|,|loss|
|Minoki Ichihara|,|N/A|,|Mar / 11 / 1994|,|loss|
|Fred Ettish|,|1955-10-12|,|Aug / 15 / 2009|,|win|
|Fred Ettish|,|1955-10-12|,|Mar / 11 / 1994|,|loss|
|Alberto Cerra Leon|,|N/A|,|Mar / 11 / 1994|,|loss|
|Keith Hackney|,|1958-04-15|,|Dec / 16 / 1995|,|loss|
|Keith Hackney|,|1958-04-15|,|Dec / 16 / 1994|,|loss|
|Keith Hackney|,|1958-04-15|,|Dec / 16 / 1994|,|win|
|Keith Hackney|,|1958-04-15|,|Sep / 09 / 1994|,|win|
|Emmanuel Yarborough|,|1964-09-05|,|Jun / 24 / 1998|,|loss|
|Emmanuel Yarborough|,|1964-09-05|,|Apr / 26 / 1998|,|win|
|Emmanuel Yarborough|,|1964-09-05|,|Sep / 09 / 1994|,|loss|
|Christophe Leninger|,|1962-07-16|,|Mar / 24 / 2001|,|loss|
|Christophe Leninger|,|1962-07-16|,|Jan / 27 / 2001|,|loss|
|Christophe Leninger|,|1962-07-16|,|May / 30 / 1997|,|loss|
|Christophe Leninger|,|1962-07-16|,|Jan / 25 / 1997|,|win|
|Christophe Leninger|,|1962-07-16|,|Jan / 25 / 1997|,|win|
|Christophe Leninger|,|1962-07-16|,|Jan / 25 / 1997|,|win|
|Christophe Leninger|,|1962-07-16|,|Sep / 09 / 1994|,|loss|
|Harold Howard|,|N/A|,|Aug / 14 / 1996|,|loss|
|Harold Howard|,|N/A|,|Sep / 08 / 1995|,|loss|
|Harold Howard|,|N/A|,|Sep / 09 / 1994|,|loss|
|Harold Howard|,|N/A|,|Sep / 09 / 1994|,|win|
|Roland Payne|,|1964-07-16|,|Sep / 09 / 1994|,|loss|
|Kimo Leopoldo|,|1968-01-04|,|Oct / 06 / 2006|,|loss|
|Kimo Leopoldo|,|1968-01-04|,|Sep / 30 / 2006|,|loss|
|Kimo Leopoldo|,|1968-01-04|,|Jul / 17 / 2005|,|loss|
|Kimo Leopoldo|,|1968-01-04|,|May / 07 / 2005|,|win|
|Kimo Leopoldo|,|1968-01-04|,|Jun / 19 / 2004|,|loss|
|Kimo Leopoldo|,|1968-01-04|,|Jun / 06 / 2003|,|win|
|Kimo Leopoldo|,|1968-01-04|,|Jul / 05 / 2002|,|win|
|Kimo Leopoldo|,|1968-01-04|,|Mar / 13 / 1998|,|loss|
|Kimo Leopoldo|,|1968-01-04|,|Oct / 11 / 1997|,|draw|
|Kimo Leopoldo|,|1968-01-04|,|Apr / 16 / 1997|,|win|
|Kimo Leopoldo|,|1968-01-04|,|Dec / 07 / 1996|,|win|
|Kimo Leopoldo|,|1968-01-04|,|Nov / 17 / 1996|,|win|
|Kimo Leopoldo|,|1968-01-04|,|Jul / 14 / 1996|,|win|
|Kimo Leopoldo|,|1968-01-04|,|Feb / 16 / 1996|,|loss|
|Kimo Leopoldo|,|1968-01-04|,|Sep / 08 / 1995|,|win|
|Kimo Leopoldo|,|1968-01-04|,|Sep / 08 / 1995|,|win|
|Kimo Leopoldo|,|1968-01-04|,|Dec / 10 / 1994|,|win|
|Kimo Leopoldo|,|1968-01-04|,|Sep / 09 / 1994|,|loss|
|Steve Jennum|,|N/A|,|Feb / 22 / 1997|,|loss|
|Steve Jennum|,|N/A|,|Aug / 14 / 1996|,|loss|
|Steve Jennum|,|N/A|,|Dec / 16 / 1995|,|loss|
|Steve Jennum|,|N/A|,|Dec / 16 / 1994|,|win|
|Steve Jennum|,|N/A|,|Sep / 09 / 1994|,|win|
|Felix Mitchell|,|N/A|,|Mar / 31 / 2001|,|loss|
|Felix Mitchell|,|N/A|,|Feb / 10 / 2001|,|win|
|Felix Mitchell|,|N/A|,|Nov / 01 / 1998|,|loss|
|Felix Mitchell|,|N/A|,|Jul / 28 / 1998|,|loss|
|Felix Mitchell|,|N/A|,|Jul / 28 / 1998|,|win|
|Felix Mitchell|,|N/A|,|Sep / 05 / 1997|,|loss|
|Felix Mitchell|,|N/A|,|Dec / 07 / 1996|,|loss|
|Felix Mitchell|,|N/A|,|Jul / 12 / 1996|,|loss|
|Felix Mitchell|,|N/A|,|Sep / 09 / 1994|,|loss|
|Joe Charles|,|1958-07-16|,|Sep / 24 / 2000|,|loss|
|Joe Charles|,|1958-07-16|,|Oct / 15 / 1999|,|loss|
|Joe Charles|,|1958-07-16|,|Oct / 13 / 1999|,|win|
|Joe Charles|,|1958-07-16|,|Sep / 27 / 1999|,|loss|
|Joe Charles|,|1958-07-16|,|May / 01 / 1999|,|loss|
|Joe Charles|,|1958-07-16|,|Dec / 21 / 1997|,|loss|
|Joe Charles|,|1958-07-16|,|Nov / 12 / 1997|,|loss|
|Joe Charles|,|1958-07-16|,|Nov / 12 / 1997|,|win|
|Joe Charles|,|1958-07-16|,|May / 02 / 1997|,|win|
|Joe Charles|,|1958-07-16|,|Apr / 30 / 1997|,|loss|
|Joe Charles|,|1958-07-16|,|Feb / 24 / 1997|,|loss|
|Joe Charles|,|1958-07-16|,|Oct / 11 / 1996|,|loss|
|Joe Charles|,|1958-07-16|,|Oct / 11 / 1996|,|win|
|Joe Charles|,|1958-07-16|,|Aug / 14 / 1996|,|loss|
|Joe Charles|,|1958-07-16|,|Jun / 24 / 1996|,|loss|
|Joe Charles|,|1958-07-16|,|Dec / 16 / 1995|,|win|
|Joe Charles|,|1958-07-16|,|Nov / 09 / 1995|,|loss|
|Joe Charles|,|1958-07-16|,|Apr / 07 / 1995|,|loss|
|Joe Charles|,|1958-07-16|,|Dec / 16 / 1994|,|win|
|Oleg Taktarov|,|1967-08-26|,|Apr / 11 / 2008|,|win|
|Oleg Taktarov|,|1967-08-26|,|Nov / 30 / 2007|,|win|
|Oleg Taktarov|,|1967-08-26|,|May / 13 / 2001|,|win|
|Oleg Taktarov|,|1967-08-26|,|Feb / 21 / 1998|,|win|
|Oleg Taktarov|,|1967-08-26|,|Feb / 21 / 1998|,|win|
|Oleg Taktarov|,|1967-08-26|,|Oct / 11 / 1997|,|loss|
|Oleg Taktarov|,|1967-08-26|,|Sep / 27 / 1997|,|win|
|Oleg Taktarov|,|1967-08-26|,|Feb / 24 / 1997|,|win|
|Oleg Taktarov|,|1967-08-26|,|Nov / 22 / 1996|,|loss|
|Oleg Taktarov|,|1967-08-26|,|Nov / 10 / 1996|,|draw|
|Oleg Taktarov|,|1967-08-26|,|Aug / 14 / 1996|,|win|
|Oleg Taktarov|,|1967-08-26|,|May / 16 / 1996|,|loss|
|Oleg Taktarov|,|1967-08-26|,|Dec / 16 / 1995|,|loss|
|Oleg Taktarov|,|1967-08-26|,|Dec / 16 / 1995|,|win|
|Oleg Taktarov|,|1967-08-26|,|Dec / 16 / 1995|,|win|
|Oleg Taktarov|,|1967-08-26|,|Sep / 08 / 1995|,|draw|
|Oleg Taktarov|,|1967-08-26|,|Jul / 14 / 1995|,|win|
|Oleg Taktarov|,|1967-08-26|,|Jul / 14 / 1995|,|win|
|Oleg Taktarov|,|1967-08-26|,|Jul / 14 / 1995|,|win|
|Oleg Taktarov|,|1967-08-26|,|Apr / 07 / 1995|,|loss|
|Oleg Taktarov|,|1967-08-26|,|Apr / 07 / 1995|,|win|
|Oleg Taktarov|,|1967-08-26|,|Oct / 23 / 1993|,|win|
|Oleg Taktarov|,|1967-08-26|,|Oct / 22 / 1993|,|win|
|Oleg Taktarov|,|1967-08-26|,|Oct / 22 / 1993|,|win|
|Jason Fairn|,|1973-07-16|,|Mar / 06 / 2010|,|loss|
|Jason Fairn|,|1973-07-16|,|Oct / 25 / 2003|,|loss|
|Jason Fairn|,|1973-07-16|,|Nov / 24 / 2001|,|loss|
|Jason Fairn|,|1973-07-16|,|Jun / 06 / 1998|,|win|
|Jason Fairn|,|1973-07-16|,|Jul / 26 / 1997|,|loss|
|Jason Fairn|,|1973-07-16|,|Jan / 18 / 1995|,|win|
|Jason Fairn|,|1973-07-16|,|Jan / 18 / 1995|,|win|
|Jason Fairn|,|1973-07-16|,|Dec / 16 / 1994|,|loss|
|Jason Fairn|,|1973-07-16|,|Mar / 08 / 1994|,|win|
|Ron van Clief|,|N/A|,|Dec / 16 / 1994|,|loss|
|Joe Son|,|1970-11-20|,|Jul / 20 / 2002|,|loss|
|Joe Son|,|1970-11-20|,|Apr / 12 / 2002|,|loss|
|Joe Son|,|1970-11-20|,|Feb / 22 / 2002|,|loss|
|Joe Son|,|1970-11-20|,|Dec / 16 / 1994|,|loss|
|Melton Bowen|,|1969-03-10|,|Dec / 16 / 1994|,|loss|
|Dan Severn|,|1958-06-08|,|Apr / 28 / 2012|,|win|
|Dan Severn|,|1958-06-08|,|May / 20 / 2011|,|loss|
|Dan Severn|,|1958-06-08|,|Apr / 29 / 2011|,|loss|
|Dan Severn|,|1958-06-08|,|Apr / 16 / 2011|,|win|
|Dan Severn|,|1958-06-08|,|Feb / 20 / 2011|,|win|
|Dan Severn|,|1958-06-08|,|Jan / 29 / 2011|,|win|
|Dan Severn|,|1958-06-08|,|Dec / 04 / 2010|,|win|
|Dan Severn|,|1958-06-08|,|Nov / 21 / 2010|,|win|
|Dan Severn|,|1958-06-08|,|Jul / 30 / 2010|,|win|
|Dan Severn|,|1958-06-08|,|Apr / 24 / 2010|,|win|
|Dan Severn|,|1958-06-08|,|Mar / 18 / 2010|,|win|
|Dan Severn|,|1958-06-08|,|Oct / 24 / 2009|,|win|
|Dan Severn|,|1958-06-08|,|Jul / 25 / 2009|,|win|
|Dan Severn|,|1958-06-08|,|May / 16 / 2009|,|win|
|Dan Severn|,|1958-06-08|,|Jan / 24 / 2009|,|loss|
|Dan Severn|,|1958-06-08|,|May / 03 / 2008|,|loss|
|Dan Severn|,|1958-06-08|,|Apr / 12 / 2008|,|win|
|Dan Severn|,|1958-06-08|,|Mar / 09 / 2008|,|win|
|Dan Severn|,|1958-06-08|,|Feb / 09 / 2008|,|win|
|Dan Severn|,|1958-06-08|,|Nov / 21 / 2007|,|win|
|Dan Severn|,|1958-06-08|,|Oct / 13 / 2007|,|win|
|Dan Severn|,|1958-06-08|,|Sep / 22 / 2007|,|win|
|Dan Severn|,|1958-06-08|,|Jun / 09 / 2007|,|win|
|Dan Severn|,|1958-06-08|,|Apr / 21 / 2007|,|win|
|Dan Severn|,|1958-06-08|,|Mar / 23 / 2007|,|win|
|Dan Severn|,|1958-06-08|,|Feb / 24 / 2007|,|win|
|Dan Severn|,|1958-06-08|,|Feb / 17 / 2007|,|win|
|Dan Severn|,|1958-06-08|,|Feb / 10 / 2007|,|loss|
|Dan Severn|,|1958-06-08|,|Jan / 26 / 2007|,|win|
|Dan Severn|,|1958-06-08|,|Nov / 10 / 2006|,|win|
|Dan Severn|,|1958-06-08|,|Sep / 23 / 2006|,|win|
|Dan Severn|,|1958-06-08|,|Aug / 26 / 2006|,|win|
|Dan Severn|,|1958-06-08|,|Aug / 12 / 2006|,|win|
|Dan Severn|,|1958-06-08|,|Jun / 03 / 2006|,|win|
|Dan Severn|,|1958-06-08|,|Jan / 21 / 2006|,|win|
|Dan Severn|,|1958-06-08|,|Dec / 11 / 2005|,|loss|
|Dan Severn|,|1958-06-08|,|Oct / 05 / 2005|,|win|
|Dan Severn|,|1958-06-08|,|Sep / 09 / 2005|,|loss|
|Dan Severn|,|1958-06-08|,|Jul / 17 / 2005|,|win|
|Dan Severn|,|1958-06-08|,|Jul / 02 / 2005|,|win|
|Dan Severn|,|1958-06-08|,|Jun / 03 / 2005|,|win|
|Dan Severn|,|1958-06-08|,|Mar / 12 / 2005|,|loss|
|Dan Severn|,|1958-06-08|,|Jan / 27 / 2005|,|win|
|Dan Severn|,|1958-06-08|,|Nov / 20 / 2004|,|win|
|Dan Severn|,|1958-06-08|,|Sep / 12 / 2004|,|loss|
|Dan Severn|,|1958-06-08|,|Jul / 31 / 2004|,|win|
|Dan Severn|,|1958-06-08|,|Jun / 26 / 2004|,|win|
|Dan Severn|,|1958-06-08|,|Jun / 03 / 2004|,|win|
|Dan Severn|,|1958-06-08|,|Apr / 10 / 2004|,|win|
|Dan Severn|,|1958-06-08|,|Mar / 27 / 2004|,|win|
|Dan Severn|,|1958-06-08|,|Mar / 19 / 2004|,|loss|
|Dan Severn|,|1958-06-08|,|Mar / 06 / 2004|,|loss|
|Dan Severn|,|1958-06-08|,|Feb / 20 / 2004|,|draw|
|Dan Severn|,|1958-06-08|,|Jan / 24 / 2004|,|loss|
|Dan Severn|,|1958-06-08|,|Jan / 17 / 2004|,|win|
|Dan Severn|,|1958-06-08|,|Dec / 18 / 2003|,|win|
|Dan Severn|,|1958-06-08|,|Oct / 25 / 2003|,|draw|
|Dan Severn|,|1958-06-08|,|Aug / 21 / 2003|,|win|
|Dan Severn|,|1958-06-08|,|Jun / 14 / 2003|,|win|
|Dan Severn|,|1958-06-08|,|May / 24 / 2003|,|win|
|Dan Severn|,|1958-06-08|,|May / 16 / 2003|,|win|
|Dan Severn|,|1958-06-08|,|Feb / 22 / 2003|,|loss|
|Dan Severn|,|1958-06-08|,|Jan / 17 / 2003|,|draw|
|Dan Severn|,|1958-06-08|,|Dec / 01 / 2002|,|win|
|Dan Severn|,|1958-06-08|,|Nov / 23 / 2002|,|win|
|Dan Severn|,|1958-06-08|,|Nov / 01 / 2002|,|win|
|Dan Severn|,|1958-06-08|,|Sep / 06 / 2002|,|win|
|Dan Severn|,|1958-06-08|,|Jun / 19 / 2002|,|win|
|Dan Severn|,|1958-06-08|,|Apr / 13 / 2002|,|win|
|Dan Severn|,|1958-06-08|,|Oct / 27 / 2001|,|win|
|Dan Severn|,|1958-06-08|,|Sep / 22 / 2001|,|draw|
|Dan Severn|,|1958-06-08|,|Jul / 15 / 2001|,|win|
|Dan Severn|,|1958-06-08|,|Jun / 30 / 2001|,|win|
|Dan Severn|,|1958-06-08|,|Jun / 23 / 2001|,|win|
|Dan Severn|,|1958-06-08|,|May / 10 / 2001|,|win|
|Dan Severn|,|1958-06-08|,|Apr / 21 / 2001|,|loss|
|Dan Severn|,|1958-06-08|,|Nov / 25 / 2000|,|win|
|Dan Severn|,|1958-06-08|,|Oct / 28 / 2000|,|win|
|Dan Severn|,|1958-06-08|,|Sep / 22 / 2000|,|loss|
|Dan Severn|,|1958-06-08|,|Aug / 23 / 2000|,|win|
|Dan Severn|,|1958-06-08|,|Jul / 19 / 2000|,|win|
|Dan Severn|,|1958-06-08|,|Jul / 08 / 2000|,|win|
|Dan Severn|,|1958-06-08|,|May / 20 / 2000|,|win|
|Dan Severn|,|1958-06-08|,|May / 13 / 2000|,|win|
|Dan Severn|,|1958-06-08|,|Mar / 25 / 2000|,|win|
|Dan Severn|,|1958-06-08|,|Feb / 08 / 2000|,|loss|
|Dan Severn|,|1958-06-08|,|Nov / 22 / 1999|,|win|
|Dan Severn|,|1958-06-08|,|Oct / 09 / 1999|,|win|
|Dan Severn|,|1958-06-08|,|Sep / 18 / 1999|,|win|
|Dan Severn|,|1958-06-08|,|Jul / 18 / 1999|,|win|
|Dan Severn|,|1958-06-08|,|Jun / 25 / 1999|,|win|
|Dan Severn|,|1958-06-08|,|Jun / 19 / 1999|,|win|
|Dan Severn|,|1958-06-08|,|May / 15 / 1999|,|win|
|Dan Severn|,|1958-06-08|,|Dec / 08 / 1998|,|win|
|Dan Severn|,|1958-06-08|,|Sep / 19 / 1998|,|win|
|Dan Severn|,|1958-06-08|,|Aug / 22 / 1998|,|draw|
|Dan Severn|,|1958-06-08|,|Aug / 04 / 1998|,|win|
|Dan Severn|,|1958-06-08|,|Jun / 20 / 1998|,|win|
|Dan Severn|,|1958-06-08|,|Jun / 12 / 1998|,|win|
|Dan Severn|,|1958-06-08|,|Apr / 25 / 1998|,|win|
|Dan Severn|,|1958-06-08|,|Apr / 18 / 1998|,|win|
|Dan Severn|,|1958-06-08|,|Feb / 27 / 1998|,|win|
|Dan Severn|,|1958-06-08|,|Oct / 11 / 1997|,|draw|
|Dan Severn|,|1958-06-08|,|Sep / 20 / 1997|,|win|
|Dan Severn|,|1958-06-08|,|Sep / 05 / 1997|,|win|
|Dan Severn|,|1958-06-08|,|Aug / 23 / 1997|,|win|
|Dan Severn|,|1958-06-08|,|Aug / 16 / 1997|,|win|
|Dan Severn|,|1958-06-08|,|Jul / 06 / 1997|,|win|
|Dan Severn|,|1958-06-08|,|Jun / 25 / 1997|,|draw|
|Dan Severn|,|1958-06-08|,|May / 10 / 1997|,|win|
|Dan Severn|,|1958-06-08|,|Feb / 07 / 1997|,|loss|
|Dan Severn|,|1958-06-08|,|Nov / 23 / 1996|,|win|
|Dan Severn|,|1958-06-08|,|Nov / 17 / 1996|,|win|
|Dan Severn|,|1958-06-08|,|Oct / 22 / 1996|,|win|
|Dan Severn|,|1958-06-08|,|Sep / 01 / 1996|,|win|
|Dan Severn|,|1958-06-08|,|Jul / 07 / 1996|,|win|
|Dan Severn|,|1958-06-08|,|May / 17 / 1996|,|win|
|Dan Severn|,|1958-06-08|,|Dec / 16 / 1995|,|win|
|Dan Severn|,|1958-06-08|,|Dec / 16 / 1995|,|win|
|Dan Severn|,|1958-06-08|,|Dec / 16 / 1995|,|win|
|Dan Severn|,|1958-06-08|,|Jul / 14 / 1995|,|loss|
|Dan Severn|,|1958-06-08|,|Apr / 07 / 1995|,|win|
|Dan Severn|,|1958-06-08|,|Apr / 07 / 1995|,|win|
|Dan Severn|,|1958-06-08|,|Apr / 07 / 1995|,|win|
|Dan Severn|,|1958-06-08|,|Dec / 16 / 1994|,|loss|
|Dan Severn|,|1958-06-08|,|Dec / 16 / 1994|,|win|
|Dan Severn|,|1958-06-08|,|Dec / 16 / 1994|,|win|
|Anthony Macias|,|1969-07-16|,|Apr / 18 / 2014|,|loss|
|Anthony Macias|,|1969-07-16|,|Jan / 25 / 2014|,|loss|
|Anthony Macias|,|1969-07-16|,|Sep / 03 / 2011|,|loss|
|Anthony Macias|,|1969-07-16|,|Jul / 17 / 2010|,|loss|
|Anthony Macias|,|1969-07-16|,|Jun / 05 / 2010|,|win|
|Anthony Macias|,|1969-07-16|,|Apr / 03 / 2010|,|loss|
|Anthony Macias|,|1969-07-16|,|Feb / 27 / 2010|,|loss|
|Anthony Macias|,|1969-07-16|,|Jan / 16 / 2010|,|loss|
|Anthony Macias|,|1969-07-16|,|Nov / 07 / 2009|,|win|
|Anthony Macias|,|1969-07-16|,|Sep / 24 / 2005|,|win|
|Anthony Macias|,|1969-07-16|,|Sep / 10 / 2004|,|loss|
|Anthony Macias|,|1969-07-16|,|Jan / 23 / 2004|,|win|
|Anthony Macias|,|1969-07-16|,|Apr / 25 / 2003|,|loss|
|Anthony Macias|,|1969-07-16|,|Aug / 16 / 2002|,|win|
|Anthony Macias|,|1969-07-16|,|Jun / 26 / 2002|,|win|
|Anthony Macias|,|1969-07-16|,|Apr / 13 / 2002|,|win|
|Anthony Macias|,|1969-07-16|,|Feb / 22 / 2002|,|loss|
|Anthony Macias|,|1969-07-16|,|Jan / 12 / 2002|,|win|
|Anthony Macias|,|1969-07-16|,|Nov / 17 / 2001|,|win|
|Anthony Macias|,|1969-07-16|,|Sep / 15 / 2001|,|loss|
|Anthony Macias|,|1969-07-16|,|Mar / 25 / 2000|,|loss|
|Anthony Macias|,|1969-07-16|,|Feb / 26 / 2000|,|win|
|Anthony Macias|,|1969-07-16|,|Nov / 20 / 1999|,|win|
|Anthony Macias|,|1969-07-16|,|Sep / 12 / 1999|,|loss|
|Anthony Macias|,|1969-07-16|,|Jul / 23 / 1998|,|win|
|Anthony Macias|,|1969-07-16|,|May / 30 / 1998|,|loss|
|Anthony Macias|,|1969-07-16|,|Sep / 05 / 1997|,|loss|
|Anthony Macias|,|1969-07-16|,|Sep / 05 / 1997|,|win|
|Anthony Macias|,|1969-07-16|,|Sep / 05 / 1997|,|win|
|Anthony Macias|,|1969-07-16|,|May / 15 / 1997|,|win|
|Anthony Macias|,|1969-07-16|,|May / 15 / 1997|,|win|
|Anthony Macias|,|1969-07-16|,|Oct / 18 / 1996|,|loss|
|Anthony Macias|,|1969-07-16|,|Aug / 23 / 1996|,|win|
|Anthony Macias|,|1969-07-16|,|Aug / 23 / 1996|,|win|
|Anthony Macias|,|1969-07-16|,|Aug / 23 / 1996|,|win|
|Anthony Macias|,|1969-07-16|,|Mar / 23 / 1996|,|win|
|Anthony Macias|,|1969-07-16|,|Mar / 23 / 1996|,|win|
|Anthony Macias|,|1969-07-16|,|Mar / 23 / 1996|,|win|
|Anthony Macias|,|1969-07-16|,|Feb / 09 / 1996|,|win|
|Anthony Macias|,|1969-07-16|,|Feb / 09 / 1996|,|win|
|Anthony Macias|,|1969-07-16|,|Feb / 09 / 1996|,|win|
|Anthony Macias|,|1969-07-16|,|Jul / 14 / 1995|,|loss|
|Anthony Macias|,|1969-07-16|,|Jul / 14 / 1995|,|win|
|Anthony Macias|,|1969-07-16|,|Dec / 16 / 1994|,|loss|
|Marcus Bossett|,|N/A|,|Dec / 07 / 1996|,|loss|
|Marcus Bossett|,|N/A|,|Sep / 08 / 1995|,|loss|
|Marcus Bossett|,|N/A|,|Dec / 16 / 1994|,|loss|
|Marcus Bossett|,|N/A|,|Dec / 16 / 1994|,|win|
|Eldo Dias Xavier|,|1964-07-16|,|Dec / 16 / 1994|,|loss|
|Dave Beneteau|,|1968-07-16|,|Jun / 23 / 2001|,|loss|
|Dave Beneteau|,|1968-07-16|,|Aug / 12 / 2000|,|win|
|Dave Beneteau|,|1968-07-16|,|Jun / 02 / 2000|,|draw|
|Dave Beneteau|,|1968-07-16|,|Oct / 17 / 1997|,|win|
|Dave Beneteau|,|1968-07-16|,|Nov / 17 / 1996|,|win|
|Dave Beneteau|,|1968-07-16|,|Oct / 22 / 1996|,|loss|
|Dave Beneteau|,|1968-07-16|,|Oct / 22 / 1996|,|win|
|Dave Beneteau|,|1968-07-16|,|Dec / 16 / 1995|,|loss|
|Dave Beneteau|,|1968-07-16|,|Jul / 14 / 1995|,|loss|
|Dave Beneteau|,|1968-07-16|,|Apr / 07 / 1995|,|loss|
|Dave Beneteau|,|1968-07-16|,|Apr / 07 / 1995|,|win|
|Dave Beneteau|,|1968-07-16|,|Apr / 07 / 1995|,|win|
|Asbel Cancio|,|N/A|,|Apr / 07 / 1995|,|loss|
|John Dowdy|,|N/A|,|Apr / 07 / 1995|,|loss|
|Jon Hess|,|N/A|,|Oct / 11 / 1996|,|loss|
|Jon Hess|,|N/A|,|Apr / 07 / 1995|,|win|
|Andy Anderson|,|1964-07-16|,|Apr / 07 / 1995|,|loss|
|Todd Medina|,|1970-04-30|,|Jun / 26 / 2009|,|win|
|Todd Medina|,|1970-04-30|,|Oct / 31 / 2008|,|win|
|Todd Medina|,|1970-04-30|,|Oct / 31 / 2008|,|win|
|Todd Medina|,|1970-04-30|,|Oct / 31 / 2008|,|win|
|Todd Medina|,|1970-04-30|,|Aug / 01 / 2008|,|win|
|Todd Medina|,|1970-04-30|,|Apr / 18 / 2008|,|win|
|Todd Medina|,|1970-04-30|,|Aug / 04 / 2006|,|loss|
|Todd Medina|,|1970-04-30|,|Jan / 18 / 2003|,|NC|
|Todd Medina|,|1970-04-30|,|Aug / 02 / 2002|,|loss|
|Todd Medina|,|1970-04-30|,|May / 29 / 2001|,|loss|
|Todd Medina|,|1970-04-30|,|Jan / 27 / 2001|,|win|
|Todd Medina|,|1970-04-30|,|Aug / 12 / 2000|,|loss|
|Todd Medina|,|1970-04-30|,|Jun / 24 / 2000|,|win|
|Todd Medina|,|1970-04-30|,|Apr / 15 / 2000|,|loss|
|Todd Medina|,|1970-04-30|,|Apr / 09 / 2000|,|win|
|Todd Medina|,|1970-04-30|,|Mar / 20 / 1999|,|loss|
